t_days,t_months,r,C,B,F_i,F_n,F_m,E,M,O
30,0.9855453351,0.25,1.965445675,0.09104473661,0.7210168849,0.7865268341,0.005071668212,0.09336217666,0.9970408057,0.2693071964
30,0.9855453351,0.297979798,1.964969923,0.09104466901,0.7210168179,0.7865268399,0.005071719994,0.09336207679,0.9970407933,0.2692994436
30,0.9855453351,0.345959596,1.964626045,0.09104455819,0.7210168347,0.7865268521,0.005071720477,0.09336200438,0.9970407844,0.2692983032
30,0.9855453351,0.3939393939,1.964365595,0.09104442276,0.721016857,0.7865268693,0.005071718155,0.09336194953,0.9970407776,0.2692987965
30,0.9855453351,0.4419191919,1.964161531,0.09104427669,0.721016882,0.7865268908,0.005071715391,0.09336190656,0.9970407723,0.2692996591
30,0.9855453351,0.4898989899,1.963997352,0.09104412946,0.72101691,0.7865269162,0.005071712536,0.09336187198,0.997040768,0.2693006366
30,0.9855453351,0.5378787879,1.963862421,0.09104398656,0.7210169412,0.7865269453,0.005071709721,0.09336184356,0.9970407645,0.2693017106
30,0.9855453351,0.5858585859,1.963749573,0.09104385045,0.7210169756,0.7865269777,0.005071707016,0.09336181977,0.9970407616,0.2693028956
30,0.9855453351,0.6338383838,1.963653808,0.09104372156,0.7210170136,0.7865270135,0.005071704459,0.09336179958,0.9970407591,0.2693041995
30,0.9855453351,0.6818181818,1.963571528,0.0910435992,0.721017055,0.7865270526,0.005071702077,0.09336178222,0.9970407569,0.2693056231
30,0.9855453351,0.7297979798,1.963500081,0.09104348223,0.7210171001,0.7865270949,0.00507169989,0.09336176713,0.9970407551,0.2693071645
30,0.9855453351,0.7777777778,1.963437467,0.09104336938,0.7210171487,0.7865271404,0.005071697909,0.09336175389,0.9970407534,0.2693088211
30,0.9855453351,0.8257575758,1.96338215,0.0910432595,0.721017201,0.7865271891,0.005071696147,0.09336174217,0.997040752,0.2693105919
30,0.9855453351,0.8737373737,1.963332933,0.09104315159,0.721017257,0.786527241,0.00507169461,0.09336173173,0.9970407507,0.269312476
30,0.9855453351,0.9217171717,1.963288866,0.09104304483,0.7210173166,0.786527296,0.005071693302,0.09336172237,0.9970407495,0.269314472
30,0.9855453351,0.9696969697,1.963249187,0.09104293856,0.7210173797,0.7865273542,0.005071692229,0.09336171392,0.9970407485,0.2693165795
30,0.9855453351,1.017676768,1.963213277,0.09104283224,0.7210174465,0.7865274154,0.005071691391,0.09336170626,0.9970407476,0.2693187982
30,0.9855453351,1.065656566,1.963180631,0.09104272543,0.7210175168,0.7865274798,0.005071690791,0.09336169927,0.9970407467,0.2693211277
30,0.9855453351,1.113636364,1.963150827,0.09104261776,0.7210175907,0.7865275471,0.005071690428,0.09336169287,0.9970407459,0.2693235678
30,0.9855453351,1.161616162,1.963123516,0.09104250892,0.721017668,0.7865276175,0.005071690302,0.09336168699,0.9970407452,0.2693261182
30,0.9855453351,1.20959596,1.963098403,0.09104239866,0.7210177488,0.7865276909,0.005071690413,0.09336168157,0.9970407445,0.2693287786
30,0.9855453351,1.257575758,1.963075238,0.09104228675,0.7210178329,0.7865277673,0.00507169076,0.09336167654,0.9970407439,0.2693315489
30,0.9855453351,1.305555556,1.963053809,0.09104217302,0.7210179204,0.7865278465,0.005071691339,0.09336167187,0.9970407433,0.2693344289
30,0.9855453351,1.353535354,1.963033931,0.09104205731,0.7210180112,0.7865279286,0.005071692151,0.09336166752,0.9970407428,0.2693374184
30,0.9855453351,1.401515152,1.963015447,0.09104193948,0.7210181052,0.7865280136,0.005071693192,0.09336166345,0.9970407423,0.2693405174
30,0.9855453351,1.449494949,1.96299822,0.09104181944,0.7210182024,0.7865281013,0.00507169446,0.09336165964,0.9970407418,0.2693437257
30,0.9855453351,1.497474747,1.96298213,0.09104169707,0.7210183027,0.7865281917,0.005071695951,0.09336165606,0.9970407414,0.2693470433
30,0.9855453351,1.545454545,1.962967074,0.09104157232,0.721018406,0.7865282847,0.005071697664,0.09336165269,0.9970407409,0.2693504701
30,0.9855453351,1.593434343,1.962952959,0.09104144512,0.7210185123,0.7865283803,0.005071699595,0.09336164951,0.9970407406,0.269354006
30,0.9855453351,1.641414141,1.962939703,0.09104131541,0.7210186215,0.7865284785,0.00507170174,0.09336164651,0.9970407402,0.2693576509
30,0.9855453351,1.689393939,1.962927235,0.09104118317,0.7210187335,0.7865285792,0.005071704096,0.09336164366,0.9970407398,0.2693614049
30,0.9855453351,1.737373737,1.96291549,0.09104104834,0.7210188482,0.7865286822,0.00507170666,0.09336164095,0.9970407395,0.2693652678
30,0.9855453351,1.785353535,1.962904412,0.09104091092,0.7210189656,0.7865287875,0.005071709426,0.09336163839,0.9970407392,0.2693692396
30,0.9855453351,1.833333333,1.962893949,0.09104077087,0.7210190856,0.7865288952,0.005071712392,0.09336163594,0.9970407389,0.2693733203
30,0.9855453351,1.881313131,1.962884055,0.09104062816,0.721019208,0.7865290049,0.005071715553,0.0933616336,0.9970407386,0.2693775099
30,0.9855453351,1.929292929,1.962874689,0.09104048273,0.7210193329,0.7865291168,0.005071718905,0.09336163138,0.9970407383,0.2693818084
30,0.9855453351,1.977272727,1.962865813,0.09104033453,0.7210194601,0.7865292307,0.005071722444,0.09336162924,0.997040738,0.2693862158
30,0.9855453351,2.025252525,1.962857394,0.09104018347,0.7210195896,0.7865293466,0.005071726164,0.0933616272,0.9970407378,0.269390732
30,0.9855453351,2.073232323,1.962849401,0.09104002948,0.7210197211,0.7865294643,0.005071730061,0.09336162525,0.9970407376,0.2693953568
30,0.9855453351,2.121212121,1.962841805,0.0910398725,0.7210198547,0.7865295837,0.00507173413,0.09336162337,0.9970407373,0.2694000889
30,0.9855453351,2.169191919,1.962834582,0.09103971252,0.7210199903,0.7865297049,0.005071738367,0.09336162156,0.9970407371,0.2694049316
30,0.9855453351,2.217171717,1.962827708,0.09103954957,0.7210201277,0.7865298276,0.005071742767,0.09336161982,0.9970407369,0.2694098832
30,0.9855453351,2.265151515,1.962821162,0.09103938376,0.7210202669,0.7865299518,0.005071747323,0.09336161815,0.9970407367,0.2694149427
30,0.9855453351,2.313131313,1.962814925,0.09103921519,0.7210204076,0.7865300774,0.00507175203,0.09336161654,0.9970407365,0.2694201107
30,0.9855453351,2.361111111,1.962808978,0.09103904398,0.72102055,0.7865302044,0.005071756884,0.09336161498,0.9970407363,0.2694253875
30,0.9855453351,2.409090909,1.962803305,0.09103887024,0.7210206937,0.7865303325,0.005071761879,0.09336161348,0.9970407361,0.269430773
30,0.9855453351,2.457070707,1.962797891,0.09103869406,0.7210208388,0.7865304617,0.005071767008,0.09336161203,0.9970407359,0.2694362672
30,0.9855453351,2.505050505,1.962792721,0.09103851548,0.7210209851,0.786530592,0.005071772266,0.09336161063,0.9970407357,0.26944187
30,0.9855453351,2.553030303,1.962787784,0.09103833455,0.7210211324,0.7865307231,0.005071777647,0.09336160927,0.9970407356,0.2694475814
30,0.9855453351,2.601010101,1.962783066,0.09103815127,0.7210212808,0.786530855,0.005071783145,0.09336160796,0.9970407354,0.2694534014
30,0.9855453351,2.648989899,1.962778557,0.09103796563,0.7210214299,0.7865309876,0.005071788754,0.09336160669,0.9970407353,0.2694593301
30,0.9855453351,2.696969697,1.962774246,0.09103777758,0.7210215799,0.7865311208,0.005071794467,0.09336160545,0.9970407351,0.2694653674
30,0.9855453351,2.744949495,1.962770123,0.09103758705,0.7210217304,0.7865312544,0.005071800278,0.09336160426,0.997040735,0.2694715134
30,0.9855453351,2.792929293,1.96276618,0.09103739393,0.7210218814,0.7865313884,0.005071806179,0.0933616031,0.9970407348,0.2694777682
30,0.9855453351,2.840909091,1.962762409,0.09103719807,0.7210220328,0.7865315226,0.005071812166,0.09336160198,0.9970407347,0.2694841316
30,0.9855453351,2.888888889,1.962758801,0.09103699935,0.7210221844,0.7865316569,0.005071818229,0.09336160089,0.9970407345,0.2694906027
30,0.9855453351,2.936868687,1.96275535,0.09103679767,0.7210223361,0.7865317912,0.005071824362,0.09336159984,0.9970407344,0.2694971812
30,0.9855453351,2.984848485,1.962752047,0.09103659299,0.7210224878,0.7865319253,0.00507183056,0.09336159881,0.9970407343,0.2695038722
30,0.9855453351,3.032828283,1.962748888,0.09103638535,0.7210226393,0.7865320592,0.005071836812,0.09336159781,0.9970407342,0.2695106697
30,0.9855453351,3.080808081,1.962745866,0.09103617482,0.7210227905,0.7865321927,0.005071843113,0.09336159685,0.997040734,0.2695175754
30,0.9855453351,3.128787879,1.962742975,0.09103596151,0.7210229413,0.7865323257,0.005071849455,0.09336159591,0.9970407339,0.2695245897
30,0.9855453351,3.176767677,1.962740211,0.09103574552,0.7210230915,0.7865324581,0.005071855829,0.093361595,0.9970407338,0.2695317128
30,0.9855453351,3.224747475,1.962737567,0.09103552691,0.721023241,0.7865325897,0.005071862229,0.09336159412,0.9970407337,0.2695389444
30,0.9855453351,3.272727273,1.962735041,0.09103530572,0.7210233895,0.7865327204,0.005071868646,0.09336159326,0.9970407336,0.2695462847
30,0.9855453351,3.320707071,1.962732626,0.09103508193,0.7210235371,0.78653285,0.005071875071,0.09336159243,0.9970407335,0.2695537336
30,0.9855453351,3.368686869,1.962730319,0.09103485548,0.7210236835,0.7865329785,0.005071881497,0.09336159163,0.9970407334,0.2695612912
30,0.9855453351,3.416666667,1.962728117,0.09103462629,0.7210238286,0.7865331056,0.005071887914,0.09336159085,0.9970407333,0.2695689576
30,0.9855453351,3.464646465,1.962726015,0.09103439421,0.7210239722,0.7865332313,0.005071894315,0.09336159009,0.9970407332,0.2695767326
30,0.9855453351,3.512626263,1.96272401,0.09103415913,0.7210241142,0.7865333553,0.005071900691,0.09336158936,0.9970407331,0.2695846158
30,0.9855453351,3.560606061,1.962722098,0.09103392095,0.7210242545,0.7865334777,0.00507190703,0.09336158865,0.997040733,0.269592605
30,0.9855453351,3.608585859,1.962720277,0.09103367964,0.7210243927,0.7865335981,0.005071913327,0.09336158797,0.9970407329,0.2696007073
30,0.9855453351,3.656565657,1.962718544,0.09103343527,0.7210245289,0.7865337165,0.00507191957,0.09336158731,0.9970407328,0.269608917
30,0.9855453351,3.704545455,1.962716895,0.09103318796,0.7210246628,0.7865338326,0.005071925751,0.09336158667,0.9970407328,0.2696172343
30,0.9855453351,3.752525253,1.962715329,0.09103293788,0.7210247943,0.7865339465,0.005071931859,0.09336158605,0.9970407327,0.26962566
30,0.9855453351,3.800505051,1.962713842,0.09103268518,0.7210249232,0.7865340578,0.005071937885,0.09336158546,0.9970407326,0.2696341945
30,0.9855453351,3.848484848,1.962712433,0.09103242998,0.7210250493,0.7865341665,0.005071943818,0.09336158489,0.9970407325,0.2696428375
30,0.9855453351,3.896464646,1.962711098,0.09103217233,0.7210251725,0.7865342724,0.005071949649,0.09336158434,0.9970407325,0.2696515891
30,0.9855453351,3.944444444,1.962709836,0.09103191222,0.7210252926,0.7865343753,0.005071955367,0.09336158381,0.9970407324,0.2696604495
30,0.9855453351,3.992424242,1.962708645,0.09103164959,0.7210254094,0.7865344751,0.005071960962,0.09336158331,0.9970407323,0.2696694191
30,0.9855453351,4.04040404,1.962707523,0.09103138434,0.7210255228,0.7865345716,0.005071966422,0.09336158283,0.9970407323,0.2696784977
30,0.9855453351,4.088383838,1.962706468,0.09103111636,0.7210256325,0.7865346647,0.005071971737,0.09336158237,0.9970407322,0.2696876844
30,0.9855453351,4.136363636,1.962705478,0.09103084563,0.7210257384,0.7865347542,0.005071976896,0.09336158193,0.9970407322,0.2696969799
30,0.9855453351,4.184343434,1.962704551,0.0910305722,0.7210258403,0.7865348399,0.005071981889,0.09336158151,0.9970407321,0.2697063867
30,0.9855453351,4.232323232,1.962703686,0.09103029624,0.721025938,0.7865349217,0.005071986701,0.09336158112,0.9970407321,0.2697158953
30,0.9855453351,4.28030303,1.962702882,0.091030018,0.7210260313,0.7865349995,0.005071991322,0.09336158075,0.997040732,0.2697255037
30,0.9855453351,4.328282828,1.962702137,0.09102973783,0.7210261201,0.786535073,0.005071995737,0.0933615804,0.997040732,0.2697352117
30,0.9855453351,4.376262626,1.962701449,0.09102945617,0.7210262042,0.7865351422,0.005071999933,0.09336158008,0.9970407319,0.269745028
30,0.9855453351,4.424242424,1.962700817,0.09102917359,0.7210262833,0.786535207,0.005072003898,0.09336157977,0.9970407319,0.2697549789
30,0.9855453351,4.472222222,1.962700241,0.09102889092,0.7210263572,0.7865352671,0.005072007625,0.09336157949,0.9970407319,0.2697651067
30,0.9855453351,4.52020202,1.962699718,0.09102860935,0.7210264259,0.7865353225,0.005072011123,0.09336157924,0.9970407318,0.2697754404
30,0.9855453351,4.568181818,1.962699247,0.09102833068,0.721026489,0.7865353731,0.005072014404,0.093361579,0.9970407318,0.2697859194
30,0.9855453351,4.616161616,1.962698828,0.09102805749,0.7210265465,0.7865354187,0.005072017448,0.09336157879,0.9970407318,0.2697962891
30,0.9855453351,4.664141414,1.962698459,0.09102779333,0.7210265985,0.7865354594,0.005072020136,0.0933615786,0.9970407317,0.2698061182
30,0.9855453351,4.712121212,1.96269814,0.09102754279,0.7210266448,0.786535495,0.005072022163,0.09336157844,0.9970407317,0.2698151955
30,0.9855453351,4.76010101,1.962697872,0.09102731142,0.721026685,0.7865355256,0.005072023238,0.0933615783,0.9970407317,0.2698247043
30,0.9855453351,4.808080808,1.962697652,0.09102710541,0.7210267166,0.786535551,0.005072024079,0.09336157818,0.9970407317,0.2698384511
30,0.9855453351,4.856060606,1.962697466,0.09102693118,0.7210267341,0.7865355712,0.005072028592,0.09336157809,0.9970407317,0.2698603512
30,0.9855453351,4.904040404,1.962697289,0.09102679476,0.7210267397,0.7865355863,0.005072041056,0.09336157802,0.9970407317,0.2698785919
30,0.9855453351,4.952020202,1.962697407,0.09102670114,0.7210268642,0.786535597,0.005071982453,0.09336157795,0.9970407317,0.2698335769
30,0.9855453351,5,1.962697103,0.09102665366,0.721026726,0.7865356005,0.005072060734,0.09336157796,0.9970407317,0.27
182.64,6,0.25,2.1914032,0.08989542003,0.8095547025,0.186015515,0.005119158185,0.08695221817,0.9821525015,0.269191445
182.64,6,0.297979798,2.191235801,0.08989541241,0.809554307,0.1860155173,0.005119173044,0.08695220571,0.9821524642,0.269187381
182.64,6,0.345959596,2.191114855,0.08989539912,0.8095543338,0.1860155216,0.005119172555,0.08695219666,0.9821524372,0.2691880453
182.64,6,0.3939393939,2.191023232,0.0898953812,0.8095543841,0.1860155274,0.00511917186,0.08695218982,0.9821524168,0.2691888804
182.64,6,0.4419191919,2.190951432,0.08989535931,0.8095544317,0.1860155347,0.0051191719,0.08695218447,0.9821524007,0.2691898844
182.64,6,0.4898989899,2.190893656,0.08989533389,0.8095544781,0.1860155433,0.005119172434,0.08695218017,0.9821523878,0.2691910576
182.64,6,0.5378787879,2.190846164,0.08989530525,0.8095545255,0.1860155531,0.005119173325,0.08695217665,0.9821523772,0.2691923902
182.64,6,0.5858585859,2.190806439,0.08989527366,0.8095545757,0.186015564,0.005119174516,0.08695217371,0.9821523683,0.2691938765
182.64,6,0.6338383838,2.190772722,0.08989523932,0.8095546298,0.1860155761,0.005119175983,0.08695217123,0.9821523608,0.2691955126
182.64,6,0.6818181818,2.190743748,0.08989520242,0.8095546884,0.1860155892,0.005119177719,0.0869521691,0.9821523543,0.2691972959
182.64,6,0.7297979798,2.190718585,0.08989516313,0.8095547523,0.1860156035,0.005119179723,0.08695216727,0.9821523487,0.2691992242
182.64,6,0.7777777778,2.190696528,0.08989512157,0.8095548219,0.1860156188,0.005119181996,0.08695216566,0.9821523438,0.2692012962
182.64,6,0.8257575758,2.190677037,0.08989507789,0.8095548973,0.1860156351,0.005119184541,0.08695216425,0.9821523394,0.2692035107
182.64,6,0.8737373737,2.190659692,0.08989503219,0.809554979,0.1860156525,0.005119187357,0.086952163,0.9821523356,0.269205867
182.64,6,0.9217171717,2.190644158,0.08989498457,0.809555067,0.186015671,0.005119190447,0.08695216189,0.9821523321,0.2692083644
182.64,6,0.9696969697,2.190630166,0.08989493513,0.8095551615,0.1860156905,0.00511919381,0.0869521609,0.982152329,0.2692110025
182.64,6,1.017676768,2.190617501,0.08989488392,0.8095552625,0.186015711,0.005119197444,0.08695216,0.9821523261,0.2692137811
182.64,6,1.065656566,2.190605982,0.08989483103,0.8095553701,0.1860157325,0.00511920135,0.0869521592,0.9821523235,0.2692167
182.64,6,1.113636364,2.190595464,0.08989477651,0.8095554844,0.1860157551,0.005119205524,0.08695215846,0.9821523212,0.269219759
182.64,6,1.161616162,2.190585821,0.08989472039,0.8095556052,0.1860157786,0.005119209965,0.0869521578,0.982152319,0.2692229582
182.64,6,1.20959596,2.190576951,0.08989466272,0.8095557327,0.1860158032,0.005119214669,0.0869521572,0.982152317,0.2692262975
182.64,6,1.257575758,2.190568766,0.08989460353,0.8095558667,0.1860158287,0.005119219634,0.08695215664,0.9821523152,0.2692297771
182.64,6,1.305555556,2.190561191,0.08989454283,0.8095560073,0.1860158552,0.005119224857,0.08695215614,0.9821523135,0.269233397
182.64,6,1.353535354,2.190554161,0.08989448064,0.8095561543,0.1860158827,0.005119230334,0.08695215567,0.9821523119,0.2692371574
182.64,6,1.401515152,2.190547621,0.08989441696,0.8095563077,0.1860159111,0.005119236061,0.08695215525,0.9821523104,0.2692410584
182.64,6,1.449494949,2.190541523,0.08989435182,0.8095564674,0.1860159404,0.005119242035,0.08695215486,0.9821523091,0.2692451003
182.64,6,1.497474747,2.190535824,0.0898942852,0.8095566333,0.1860159707,0.005119248251,0.0869521545,0.9821523078,0.2692492833
182.64,6,1.545454545,2.190530488,0.0898942171,0.8095568054,0.1860160018,0.005119254704,0.08695215417,0.9821523066,0.2692536076
182.64,6,1.593434343,2.190525483,0.08989414753,0.8095569834,0.1860160338,0.005119261391,0.08695215386,0.9821523054,0.2692580735
182.64,6,1.641414141,2.190520779,0.08989407648,0.8095571674,0.1860160667,0.005119268308,0.08695215358,0.9821523043,0.2692626812
182.64,6,1.689393939,2.190516353,0.08989400395,0.8095573571,0.1860161004,0.005119275448,0.08695215332,0.9821523033,0.2692674311
182.64,6,1.737373737,2.19051218,0.08989392993,0.8095575525,0.1860161349,0.005119282807,0.08695215308,0.9821523024,0.2692723233
182.64,6,1.785353535,2.190508242,0.08989385441,0.8095577534,0.1860161702,0.005119290379,0.08695215286,0.9821523015,0.2692773583
182.64,6,1.833333333,2.190504519,0.08989377739,0.8095579597,0.1860162063,0.005119298161,0.08695215266,0.9821523006,0.2692825363
182.64,6,1.881313131,2.190500996,0.08989369886,0.8095581711,0.1860162431,0.005119306145,0.08695215247,0.9821522998,0.2692878577
182.64,6,1.929292929,2.190497659,0.08989361882,0.8095583877,0.1860162806,0.005119314327,0.0869521523,0.9821522991,0.2692933227
182.64,6,1.977272727,2.190494493,0.08989353727,0.8095586091,0.1860163188,0.005119322701,0.08695215215,0.9821522983,0.2692989316
182.64,6,2.025252525,2.190491488,0.0898934542,0.8095588353,0.1860163576,0.00511933126,0.08695215201,0.9821522976,0.2693046848
182.64,6,2.073232323,2.190488633,0.08989336961,0.809559066,0.1860163971,0.005119339998,0.08695215188,0.982152297,0.2693105826
182.64,6,2.121212121,2.190485917,0.0898932835,0.8095593011,0.1860164372,0.00511934891,0.08695215176,0.9821522963,0.2693166252
182.64,6,2.169191919,2.190483332,0.08989319586,0.8095595405,0.1860164778,0.005119357989,0.08695215165,0.9821522957,0.2693228129
182.64,6,2.217171717,2.190480869,0.0898931067,0.8095597838,0.186016519,0.005119367228,0.08695215156,0.9821522951,0.2693291459
182.64,6,2.265151515,2.190478522,0.08989301602,0.8095600309,0.1860165606,0.00511937662,0.08695215147,0.9821522946,0.2693356245
182.64,6,2.313131313,2.190476283,0.0898929238,0.8095602817,0.1860166027,0.005119386158,0.0869521514,0.9821522941,0.269342249
182.64,6,2.361111111,2.190474146,0.08989283007,0.8095605359,0.1860166452,0.005119395836,0.08695215133,0.9821522936,0.2693490194
182.64,6,2.409090909,2.190472105,0.0898927348,0.8095607933,0.1860166881,0.005119405646,0.08695215127,0.9821522931,0.2693559359
182.64,6,2.457070707,2.190470156,0.08989263801,0.8095610537,0.1860167314,0.00511941558,0.08695215122,0.9821522926,0.2693629986
182.64,6,2.505050505,2.190468292,0.08989253969,0.8095613169,0.1860167749,0.005119425631,0.08695215118,0.9821522922,0.2693702076
182.64,6,2.553030303,2.190466509,0.08989243985,0.8095615827,0.1860168188,0.005119435792,0.08695215115,0.9821522917,0.2693775629
182.64,6,2.601010101,2.190464804,0.08989233847,0.8095618507,0.1860168628,0.005119446053,0.08695215112,0.9821522913,0.2693850643
182.64,6,2.648989899,2.190463173,0.08989223557,0.8095621209,0.186016907,0.005119456407,0.08695215111,0.9821522909,0.2693927118
182.64,6,2.696969697,2.190461611,0.08989213115,0.8095623929,0.1860169514,0.005119466846,0.08695215109,0.9821522905,0.2694005052
182.64,6,2.744949495,2.190460115,0.08989202519,0.8095626665,0.1860169958,0.00511947736,0.08695215109,0.9821522902,0.2694084441
182.64,6,2.792929293,2.190458683,0.0898919177,0.8095629415,0.1860170403,0.005119487942,0.08695215109,0.9821522898,0.2694165281
182.64,6,2.840909091,2.190457311,0.08989180869,0.8095632175,0.1860170848,0.005119498583,0.0869521511,0.9821522895,0.2694247569
182.64,6,2.888888889,2.190455996,0.08989169815,0.8095634945,0.1860171293,0.005119509272,0.08695215111,0.9821522891,0.2694331296
182.64,6,2.936868687,2.190454737,0.08989158609,0.809563772,0.1860171737,0.005119520002,0.08695215113,0.9821522888,0.2694416456
182.64,6,2.984848485,2.190453531,0.08989147251,0.8095640498,0.1860172179,0.005119530762,0.08695215115,0.9821522885,0.269450304
182.64,6,3.032828283,2.190452375,0.08989135742,0.8095643276,0.186017262,0.005119541544,0.08695215119,0.9821522882,0.2694591036
182.64,6,3.080808081,2.190451268,0.08989124082,0.8095646053,0.1860173058,0.005119552336,0.08695215122,0.982152288,0.2694680432
182.64,6,3.128787879,2.190450207,0.08989112272,0.8095648824,0.1860173493,0.005119563129,0.08695215126,0.9821522877,0.2694771214
182.64,6,3.176767677,2.190449191,0.08989100315,0.8095651587,0.1860173926,0.005119573913,0.08695215131,0.9821522874,0.2694863364
182.64,6,3.224747475,2.190448217,0.08989088211,0.8095654339,0.1860174354,0.005119584678,0.08695215136,0.9821522872,0.2694956863
182.64,6,3.272727273,2.190447286,0.08989075964,0.8095657077,0.1860174779,0.005119595412,0.08695215142,0.9821522869,0.269505169
182.64,6,3.320707071,2.190446394,0.08989063576,0.8095659799,0.1860175198,0.005119606105,0.08695215148,0.9821522867,0.2695147819
182.64,6,3.368686869,2.19044554,0.08989051053,0.80956625,0.1860175613,0.005119616745,0.08695215154,0.9821522865,0.2695245222
182.64,6,3.416666667,2.190444724,0.08989038397,0.8095665179,0.1860176021,0.005119627323,0.08695215161,0.9821522863,0.2695343866
182.64,6,3.464646465,2.190443943,0.08989025617,0.8095667831,0.1860176424,0.005119637825,0.08695215169,0.9821522861,0.2695443718
182.64,6,3.512626263,2.190443197,0.08989012718,0.8095670454,0.186017682,0.005119648241,0.08695215177,0.9821522859,0.2695544736
182.64,6,3.560606061,2.190442485,0.08988999711,0.8095673044,0.1860177208,0.005119658558,0.08695215185,0.9821522857,0.2695646875
182.64,6,3.608585859,2.190441805,0.08988986606,0.8095675598,0.1860177589,0.005119668764,0.08695215194,0.9821522855,0.2695750087
182.64,6,3.656565657,2.190441157,0.08988973415,0.8095678113,0.1860177962,0.005119678848,0.08695215203,0.9821522853,0.2695854315
182.64,6,3.704545455,2.190440539,0.08988960154,0.8095680586,0.1860178327,0.005119688795,0.08695215212,0.9821522851,0.2695959499
182.64,6,3.752525253,2.190439951,0.0898894684,0.8095683013,0.1860178682,0.005119698595,0.08695215222,0.982152285,0.269606557
182.64,6,3.800505051,2.190439392,0.08988933494,0.809568539,0.1860179028,0.005119708232,0.08695215232,0.9821522848,0.2696172454
182.64,6,3.848484848,2.19043886,0.08988920137,0.8095687715,0.1860179364,0.005119717695,0.08695215243,0.9821522847,0.2696280066
182.64,6,3.896464646,2.190438356,0.08988906797,0.8095689984,0.1860179689,0.00511972697,0.08695215254,0.9821522845,0.2696388315
182.64,6,3.944444444,2.190437878,0.08988893503,0.8095692193,0.1860180004,0.005119736042,0.08695215265,0.9821522844,0.2696497101
182.64,6,3.992424242,2.190437427,0.08988880288,0.8095694338,0.1860180307,0.005119744898,0.08695215277,0.9821522843,0.2696606312
182.64,6,4.04040404,2.190437,0.08988867188,0.8095696417,0.1860180599,0.005119753524,0.08695215288,0.9821522842,0.2696715826
182.64,6,4.088383838,2.190436598,0.08988854244,0.8095698426,0.1860180879,0.005119761903,0.086952153,0.982152284,0.2696825508
182.64,6,4.136363636,2.19043622,0.08988841498,0.809570036,0.1860181146,0.005119770023,0.08695215312,0.9821522839,0.2696935213
182.64,6,4.184343434,2.190435866,0.08988828996,0.8095702217,0.1860181401,0.005119777866,0.08695215324,0.9821522838,0.2697044778
182.64,6,4.232323232,2.190435534,0.08988816789,0.8095703992,0.1860181643,0.005119785418,0.08695215337,0.9821522837,0.2697154028
182.64,6,4.28030303,2.190435225,0.08988804929,0.8095705683,0.1860181872,0.005119792661,0.08695215349,0.9821522837,0.2697262768
182.64,6,4.328282828,2.190434938,0.08988793468,0.8095707285,0.1860182087,0.005119799581,0.08695215361,0.9821522836,0.2697370787
182.64,6,4.376262626,2.190434673,0.08988782462,0.8095708795,0.1860182288,0.005119806159,0.08695215373,0.9821522835,0.2697477854
182.64,6,4.424242424,2.190434428,0.08988771967,0.8095710209,0.1860182475,0.00511981238,0.08695215385,0.9821522834,0.2697583715
182.64,6,4.472222222,2.190434205,0.0898876204,0.8095711524,0.1860182648,0.005119818226,0.08695215397,0.9821522833,0.2697688096
182.64,6,4.52020202,2.190434001,0.08988752735,0.8095712735,0.1860182806,0.005119823681,0.08695215408,0.9821522833,0.2697790697
182.64,6,4.568181818,2.190433818,0.08988744105,0.809571384,0.186018295,0.005119828733,0.08695215419,0.9821522832,0.2697891198
182.64,6,4.616161616,2.190433654,0.089887362,0.8095714835,0.186018308,0.005119833371,0.0869521543,0.9821522832,0.2697989251
182.64,6,4.664141414,2.19043351,0.08988729068,0.8095715717,0.1860183195,0.005119837592,0.08695215439,0.9821522831,0.2698084463
182.64,6,4.712121212,2.190433384,0.0898872275,0.8095716484,0.1860183295,0.005119841404,0.08695215449,0.9821522831,0.2698176383
182.64,6,4.76010101,2.190433277,0.08988717281,0.8095717133,0.1860183381,0.005119844835,0.08695215457,0.9821522831,0.2698264562
182.64,6,4.808080808,2.190433188,0.08988712693,0.8095717667,0.1860183452,0.005119847956,0.08695215465,0.982152283,0.2698348538
182.64,6,4.856060606,2.190433116,0.08988709008,0.8095718087,0.1860183509,0.005119850615,0.08695215472,0.982152283,0.2698427082
182.64,6,4.904040404,2.190433066,0.0898870624,0.8095718415,0.1860183551,0.005119850514,0.08695215478,0.982152283,0.2698504003
182.64,6,4.952020202,2.190433126,0.08988704398,0.8095723325,0.186018358,0.005119823212,0.08695215481,0.982152283,0.2698641459
182.64,6,5,2.190432944,0.08988703479,0.8095715011,0.1860183589,0.00511987649,0.08695215454,0.982152283,0.27
365.28,12,0.25,2.346769821,0.08906551158,0.494757046,0.03435130329,0.003264464947,0.08545652072,0.9646537125,0.2693762518
365.28,12,0.297979798,2.346734644,0.08906550776,0.4947567782,0.03435130402,0.003264467812,0.08545651338,0.9646536676,0.269375758
365.28,12,0.345959596,2.346709236,0.08906550107,0.4947568062,0.03435130531,0.003264468426,0.08545650805,0.9646536351,0.2693762172
365.28,12,0.3939393939,2.34668999,0.08906549201,0.4947568546,0.03435130705,0.003264469063,0.08545650403,0.9646536104,0.2693767907
365.28,12,0.4419191919,2.346674907,0.08906548088,0.4947569036,0.03435130919,0.003264469874,0.08545650089,0.9646535911,0.2693774962
365.28,12,0.4898989899,2.34666277,0.08906546786,0.4947569546,0.0343513117,0.003264470848,0.08545649838,0.9646535756,0.2693783242
365.28,12,0.5378787879,2.346652792,0.08906545308,0.4947570089,0.03435131455,0.003264471978,0.08545649634,0.9646535628,0.2693792676
365.28,12,0.5858585859,2.346644445,0.08906543663,0.4947570675,0.03435131774,0.003264473259,0.08545649464,0.9646535521,0.2693803218
365.28,12,0.6338383838,2.346637359,0.08906541858,0.4947571311,0.03435132124,0.003264474688,0.08545649321,0.964653543,0.2693814836
365.28,12,0.6818181818,2.346631268,0.089065399,0.4947572002,0.03435132505,0.003264476263,0.085456492,0.9646535352,0.2693827506
365.28,12,0.7297979798,2.346625976,0.08906537791,0.4947572752,0.03435132916,0.003264477981,0.08545649096,0.9646535285,0.269384121
365.28,12,0.7777777778,2.346621337,0.08906535538,0.4947573561,0.03435133357,0.003264479841,0.08545649007,0.9646535225,0.2693855937
365.28,12,0.8257575758,2.346617236,0.08906533142,0.4947574434,0.03435133826,0.003264481841,0.08545648929,0.9646535173,0.2693871675
365.28,12,0.8737373737,2.346613585,0.08906530609,0.4947575369,0.03435134324,0.003264483978,0.08545648861,0.9646535126,0.2693888418
365.28,12,0.9217171717,2.346610313,0.08906527939,0.4947576369,0.03435134849,0.003264486252,0.08545648801,0.9646535084,0.2693906158
365.28,12,0.9696969697,2.346607366,0.08906525138,0.4947577433,0.03435135402,0.00326448866,0.08545648749,0.9646535046,0.2693924891
365.28,12,1.017676768,2.346604696,0.08906522206,0.4947578563,0.03435135982,0.0032644912,0.08545648703,0.9646535012,0.2693944613
365.28,12,1.065656566,2.346602266,0.08906519147,0.4947579757,0.03435136587,0.003264493872,0.08545648662,0.9646534981,0.269396532
365.28,12,1.113636364,2.346600046,0.08906515962,0.4947581016,0.03435137219,0.003264496673,0.08545648627,0.9646534953,0.269398701
365.28,12,1.161616162,2.34659801,0.08906512655,0.4947582339,0.03435137876,0.003264499601,0.08545648595,0.9646534927,0.2694009681
365.28,12,1.20959596,2.346596135,0.08906509226,0.4947583727,0.03435138558,0.003264502654,0.08545648567,0.9646534903,0.269403333
365.28,12,1.257575758,2.346594404,0.08906505678,0.4947585177,0.03435139264,0.003264505832,0.08545648543,0.9646534881,0.2694057955
365.28,12,1.305555556,2.3465928,0.08906502012,0.4947586691,0.03435139995,0.003264509131,0.08545648522,0.964653486,0.2694083557
365.28,12,1.353535354,2.346591311,0.08906498231,0.4947588266,0.03435140748,0.003264512549,0.08545648503,0.9646534841,0.2694110133
365.28,12,1.401515152,2.346589924,0.08906494335,0.4947589902,0.03435141524,0.003264516086,0.08545648487,0.9646534823,0.2694137682
365.28,12,1.449494949,2.34658863,0.08906490326,0.4947591599,0.03435142322,0.003264519737,0.08545648473,0.9646534807,0.2694166203
365.28,12,1.497474747,2.346587419,0.08906486206,0.4947593354,0.03435143142,0.003264523502,0.08545648462,0.9646534791,0.2694195696
365.28,12,1.545454545,2.346586284,0.08906481975,0.4947595168,0.03435143982,0.003264527378,0.08545648452,0.9646534777,0.269422616
365.28,12,1.593434343,2.346585218,0.08906477634,0.4947597039,0.03435144843,0.003264531362,0.08545648444,0.9646534763,0.2694257594
365.28,12,1.641414141,2.346584215,0.08906473185,0.4947598966,0.03435145723,0.003264535453,0.08545648438,0.964653475,0.2694289997
365.28,12,1.689393939,2.34658327,0.08906468629,0.4947600948,0.03435146623,0.003264539647,0.08545648433,0.9646534738,0.2694323371
365.28,12,1.737373737,2.346582378,0.08906463965,0.4947602982,0.0343514754,0.003264543942,0.0854564843,0.9646534727,0.2694357713
365.28,12,1.785353535,2.346581535,0.08906459196,0.4947605069,0.03435148475,0.003264548336,0.08545648429,0.9646534716,0.2694393023
365.28,12,1.833333333,2.346580736,0.08906454321,0.4947607206,0.03435149427,0.003264552825,0.08545648428,0.9646534706,0.2694429302
365.28,12,1.881313131,2.34657998,0.08906449341,0.4947609393,0.03435150395,0.003264557407,0.08545648429,0.9646534696,0.2694466548
365.28,12,1.929292929,2.346579262,0.08906444258,0.4947611626,0.03435151377,0.003264562079,0.08545648431,0.9646534687,0.2694504762
365.28,12,1.977272727,2.34657858,0.08906439071,0.4947613906,0.03435152375,0.003264566838,0.08545648434,0.9646534678,0.2694543944
365.28,12,2.025252525,2.346577932,0.0890643378,0.4947616231,0.03435153386,0.00326457168,0.08545648438,0.9646534669,0.2694584092
365.28,12,2.073232323,2.346577314,0.08906428388,0.4947618597,0.03435154409,0.003264576604,0.08545648443,0.9646534661,0.2694625208
365.28,12,2.121212121,2.346576726,0.08906422893,0.4947621005,0.03435155445,0.003264581605,0.08545648449,0.9646534654,0.269466729
365.28,12,2.169191919,2.346576165,0.08906417297,0.4947623452,0.03435156491,0.00326458668,0.08545648457,0.9646534647,0.2694710339
365.28,12,2.217171717,2.34657563,0.089064116,0.4947625937,0.03435157548,0.003264591826,0.08545648465,0.964653464,0.2694754354
365.28,12,2.265151515,2.346575119,0.08906405803,0.4947628456,0.03435158613,0.00326459704,0.08545648473,0.9646534633,0.2694799335
365.28,12,2.313131313,2.34657463,0.08906399906,0.494763101,0.03435159687,0.003264602318,0.08545648483,0.9646534627,0.2694845283
365.28,12,2.361111111,2.346574162,0.0890639391,0.4947633595,0.03435160769,0.003264607655,0.08545648493,0.9646534621,0.2694892197
365.28,12,2.409090909,2.346573715,0.08906387816,0.4947636209,0.03435161856,0.003264613049,0.08545648505,0.9646534615,0.2694940077
365.28,12,2.457070707,2.346573286,0.08906381625,0.4947638851,0.03435162949,0.003264618496,0.08545648517,0.9646534609,0.2694988922
365.28,12,2.505050505,2.346572876,0.08906375337,0.4947641518,0.03435164047,0.003264623992,0.08545648529,0.9646534604,0.2695038734
365.28,12,2.553030303,2.346572482,0.08906368955,0.4947644209,0.03435165147,0.003264629532,0.08545648543,0.9646534599,0.2695089511
365.28,12,2.601010101,2.346572105,0.08906362478,0.494764692,0.0343516625,0.003264635114,0.08545648557,0.9646534594,0.2695141253
365.28,12,2.648989899,2.346571743,0.08906355909,0.494764965,0.03435167354,0.003264640731,0.08545648572,0.9646534589,0.2695193962
365.28,12,2.696969697,2.346571395,0.0890634925,0.4947652397,0.03435168459,0.003264646381,0.08545648587,0.9646534585,0.2695247636
365.28,12,2.744949495,2.346571062,0.08906342502,0.4947655158,0.03435169563,0.003264652059,0.08545648603,0.964653458,0.2695302275
365.28,12,2.792929293,2.346570741,0.08906335668,0.494765793,0.03435170664,0.003264657761,0.0854564862,0.9646534576,0.2695357879
365.28,12,2.840909091,2.346570434,0.0890632875,0.4947660711,0.03435171763,0.003264663481,0.08545648638,0.9646534572,0.2695414449
365.28,12,2.888888889,2.346570138,0.08906321751,0.4947663499,0.03435172858,0.003264669216,0.08545648656,0.9646534568,0.2695471985
365.28,12,2.936868687,2.346569854,0.08906314675,0.4947666291,0.03435173947,0.00326467496,0.08545648674,0.9646534565,0.2695530485
365.28,12,2.984848485,2.346569581,0.08906307524,0.4947669084,0.03435175031,0.003264680709,0.08545648693,0.9646534561,0.2695589951
365.28,12,3.032828283,2.346569319,0.08906300304,0.4947671877,0.03435176107,0.003264686458,0.08545648713,0.9646534558,0.2695650382
365.28,12,3.080808081,2.346569067,0.08906293018,0.4947674665,0.03435177174,0.003264692202,0.08545648733,0.9646534554,0.2695711778
365.28,12,3.128787879,2.346568825,0.08906285673,0.4947677447,0.03435178232,0.003264697935,0.08545648754,0.9646534551,0.2695774139
365.28,12,3.176767677,2.346568592,0.08906278273,0.4947680219,0.0343517928,0.003264703653,0.08545648775,0.9646534548,0.2695837465
365.28,12,3.224747475,2.346568369,0.08906270826,0.494768298,0.03435180315,0.00326470935,0.08545648797,0.9646534545,0.2695901756
365.28,12,3.272727273,2.346568154,0.08906263338,0.4947685725,0.03435181338,0.003264715021,0.08545648819,0.9646534542,0.2695967013
365.28,12,3.320707071,2.346567948,0.08906255816,0.4947688452,0.03435182347,0.00326472066,0.08545648842,0.9646534539,0.2696033234
365.28,12,3.368686869,2.34656775,0.0890624827,0.4947691158,0.03435183341,0.003264726261,0.08545648865,0.9646534537,0.2696100421
365.28,12,3.416666667,2.34656756,0.08906240708,0.494769384,0.03435184319,0.00326473182,0.08545648889,0.9646534534,0.2696168572
365.28,12,3.464646465,2.346567378,0.0890623314,0.4947696495,0.0343518528,0.003264737329,0.08545648913,0.9646534532,0.2696237688
365.28,12,3.512626263,2.346567203,0.08906225577,0.4947699119,0.03435186222,0.003264742783,0.08545648938,0.964653453,0.269630777
365.28,12,3.560606061,2.346567036,0.08906218031,0.4947701711,0.03435187145,0.003264748177,0.08545648963,0.9646534527,0.2696378816
365.28,12,3.608585859,2.346566875,0.08906210512,0.4947704265,0.03435188048,0.003264753503,0.08545648988,0.9646534525,0.2696450827
365.28,12,3.656565657,2.346566722,0.08906203035,0.494770678,0.0343518893,0.003264758755,0.08545649013,0.9646534523,0.2696523803
365.28,12,3.704545455,2.346566575,0.08906195613,0.4947709252,0.03435189789,0.003264763928,0.08545649039,0.9646534521,0.2696597744
365.28,12,3.752525253,2.346566435,0.08906188261,0.4947711677,0.03435190626,0.003264769014,0.08545649066,0.9646534519,0.269667265
365.28,12,3.800505051,2.346566301,0.08906180993,0.4947714053,0.03435191438,0.003264774007,0.08545649092,0.9646534517,0.2696748521
365.28,12,3.848484848,2.346566174,0.08906173824,0.4947716375,0.03435192225,0.0032647789,0.08545649118,0.9646534516,0.2696825357
365.28,12,3.896464646,2.346566052,0.08906166772,0.4947718641,0.03435192986,0.003264783686,0.08545649145,0.9646534514,0.2696903158
365.28,12,3.944444444,2.346565937,0.08906159853,0.4947720846,0.0343519372,0.003264788359,0.08545649172,0.9646534512,0.2696981923
365.28,12,3.992424242,2.346565827,0.08906153084,0.4947722988,0.03435194427,0.003264792911,0.08545649199,0.9646534511,0.2697061654
365.28,12,4.04040404,2.346565723,0.08906146482,0.4947725063,0.03435195106,0.003264797335,0.08545649226,0.964653451,0.2697142349
365.28,12,4.088383838,2.346565625,0.08906140064,0.4947727066,0.03435195755,0.003264801623,0.08545649253,0.9646534508,0.269722401
365.28,12,4.136363636,2.346565532,0.08906133849,0.4947728996,0.03435196375,0.003264805769,0.0854564928,0.9646534507,0.2697306635
365.28,12,4.184343434,2.346565445,0.08906127853,0.4947730847,0.03435196964,0.003264809764,0.08545649306,0.9646534506,0.2697390225
365.28,12,4.232323232,2.346565363,0.08906122094,0.4947732617,0.03435197522,0.0032648136,0.08545649333,0.9646534505,0.269747478
365.28,12,4.28030303,2.346565286,0.08906116588,0.4947734301,0.03435198049,0.003264817271,0.08545649359,0.9646534504,0.26975603
365.28,12,4.328282828,2.346565215,0.08906111352,0.4947735896,0.03435198544,0.003264820767,0.08545649385,0.9646534503,0.2697646785
365.28,12,4.376262626,2.346565149,0.08906106401,0.4947737398,0.03435199006,0.003264824081,0.0854564941,0.9646534502,0.2697734235
365.28,12,4.424242424,2.346565087,0.08906101751,0.4947738803,0.03435199435,0.003264827205,0.08545649435,0.9646534501,0.2697822649
365.28,12,4.472222222,2.346565031,0.08906097414,0.4947740108,0.03435199832,0.00326483013,0.08545649459,0.96465345,0.2697912029
365.28,12,4.52020202,2.34656498,0.08906093405,0.4947741309,0.03435200195,0.003264832847,0.08545649483,0.9646534499,0.2698002374
365.28,12,4.568181818,2.346564934,0.08906089734,0.4947742401,0.03435200524,0.003264835347,0.08545649506,0.9646534499,0.2698093684
365.28,12,4.616161616,2.346564892,0.08906086411,0.4947743381,0.0343520082,0.003264837623,0.08545649528,0.9646534498,0.2698185959
365.28,12,4.664141414,2.346564855,0.08906083445,0.4947744246,0.03435201082,0.003264839665,0.08545649549,0.9646534498,0.2698279197
365.28,12,4.712121212,2.346564824,0.08906080843,0.4947744993,0.03435201311,0.003264841463,0.0854564957,0.9646534497,0.2698373399
365.28,12,4.76010101,2.346564796,0.0890607861,0.4947745617,0.03435201506,0.003264843009,0.08545649589,0.9646534497,0.269846857
365.28,12,4.808080808,2.346564774,0.08906076751,0.4947746118,0.03435201668,0.003264844293,0.08545649608,0.9646534497,0.2698564716
365.28,12,4.856060606,2.346564756,0.08906075266,0.4947746512,0.03435201797,0.003264845257,0.08545649625,0.9646534496,0.2698661767
365.28,12,4.904040404,2.346564746,0.08906074155,0.4947747112,0.03435201893,0.003264844813,0.08545649642,0.9646534496,0.2698759994
365.28,12,4.952020202,2.346564798,0.08906073417,0.4947753159,0.03435201957,0.003264829556,0.08545649651,0.9646534496,0.2698893999
365.28,12,5,2.346564673,0.08906073048,0.4947742201,0.03435201982,0.003264862494,0.08545649536,0.9646534496,0.27
730.56,24,0.25,2.362050099,0.08804923519,0.1330474558,0.001211068977,0.0008736043668,0.08404210469,0.9306184528,0.2696612948
730.56,24,0.297979798,2.362048833,0.08804923329,0.1330474065,0.001211069,0.0008736044396,0.08404210094,0.9306184076,0.2696614069
730.56,24,0.345959596,2.362047917,0.08804922995,0.133047418,0.001211069042,0.0008736045279,0.08404209822,0.9306183748,0.2696616397
730.56,24,0.3939393939,2.362047222,0.08804922543,0.1330474347,0.001211069098,0.0008736046622,0.08404209619,0.93061835,0.2696619514
730.56,24,0.4419191919,2.362046677,0.08804921987,0.1330474532,0.001211069167,0.0008736048274,0.08404209461,0.9306183305,0.2696623351
730.56,24,0.4898989899,2.362046238,0.08804921334,0.1330474736,0.001211069248,0.0008736050204,0.08404209336,0.9306183149,0.2696627853
730.56,24,0.5378787879,2.362045876,0.08804920591,0.1330474961,0.00121106934,0.0008736052397,0.08404209235,0.930618302,0.2696632983
730.56,24,0.5858585859,2.362045573,0.08804919763,0.1330475209,0.001211069443,0.0008736054844,0.08404209152,0.9306182912,0.2696638715
730.56,24,0.6338383838,2.362045316,0.08804918851,0.1330475479,0.001211069555,0.0008736057537,0.08404209084,0.9306182821,0.2696645032
730.56,24,0.6818181818,2.362045094,0.08804917857,0.1330475773,0.001211069678,0.0008736060468,0.08404209027,0.9306182742,0.2696651921
730.56,24,0.7297979798,2.3620449,0.08804916785,0.1330476092,0.001211069809,0.0008736063634,0.0840420898,0.9306182674,0.2696659374
730.56,24,0.7777777778,2.36204473,0.08804915635,0.1330476434,0.00121106995,0.0008736067029,0.0840420894,0.9306182614,0.2696667383
730.56,24,0.8257575758,2.36204458,0.08804914408,0.13304768,0.0012110701,0.0008736070649,0.08404208907,0.9306182561,0.2696675943
730.56,24,0.8737373737,2.362044445,0.08804913105,0.1330477191,0.001211070259,0.000873607449,0.08404208879,0.9306182514,0.269668505
730.56,24,0.9217171717,2.362044324,0.08804911728,0.1330477606,0.001211070426,0.0008736078549,0.08404208856,0.9306182472,0.2696694702
730.56,24,0.9696969697,2.362044214,0.08804910278,0.1330478044,0.001211070601,0.0008736082823,0.08404208837,0.9306182434,0.2696704895
730.56,24,1.017676768,2.362044114,0.08804908754,0.1330478507,0.001211070784,0.0008736087308,0.08404208822,0.93061824,0.2696715628
730.56,24,1.065656566,2.362044023,0.08804907159,0.1330478993,0.001211070976,0.0008736092,0.08404208809,0.9306182369,0.26967269
730.56,24,1.113636364,2.362043939,0.08804905492,0.1330479503,0.001211071175,0.0008736096898,0.084042088,0.930618234,0.2696738709
730.56,24,1.161616162,2.362043861,0.08804903755,0.1330480036,0.001211071381,0.0008736101997,0.08404208793,0.9306182314,0.2696751054
730.56,24,1.20959596,2.362043789,0.08804901949,0.1330480592,0.001211071595,0.0008736107294,0.08404208789,0.9306182289,0.2696763936
730.56,24,1.257575758,2.362043722,0.08804900073,0.1330481171,0.001211071815,0.0008736112786,0.08404208787,0.9306182267,0.2696777353
730.56,24,1.305555556,2.36204366,0.0880489813,0.1330481772,0.001211072043,0.0008736118469,0.08404208787,0.9306182247,0.2696791306
730.56,24,1.353535354,2.362043602,0.08804896119,0.1330482395,0.001211072277,0.000873612434,0.08404208788,0.9306182227,0.2696805795
730.56,24,1.401515152,2.362043547,0.08804894042,0.1330483039,0.001211072517,0.0008736130395,0.08404208791,0.9306182209,0.2696820819
730.56,24,1.449494949,2.362043495,0.08804891899,0.1330483705,0.001211072764,0.000873613663,0.08404208796,0.9306182193,0.269683638
730.56,24,1.497474747,2.362043446,0.08804889691,0.1330484391,0.001211073016,0.0008736143043,0.08404208802,0.9306182177,0.2696852477
730.56,24,1.545454545,2.3620434,0.08804887419,0.1330485098,0.001211073274,0.0008736149628,0.0840420881,0.9306182162,0.2696869112
730.56,24,1.593434343,2.362043356,0.08804885084,0.1330485825,0.001211073538,0.0008736156382,0.08404208819,0.9306182149,0.2696886286
730.56,24,1.641414141,2.362043314,0.08804882688,0.1330486571,0.001211073806,0.00087361633,0.08404208829,0.9306182136,0.2696903998
730.56,24,1.689393939,2.362043275,0.08804880229,0.1330487337,0.00121107408,0.0008736170379,0.0840420884,0.9306182123,0.2696922252
730.56,24,1.737373737,2.362043237,0.08804877711,0.1330488121,0.001211074358,0.0008736177613,0.08404208852,0.9306182112,0.2696941047
730.56,24,1.785353535,2.3620432,0.08804875134,0.1330488923,0.00121107464,0.0008736184999,0.08404208866,0.9306182101,0.2696960387
730.56,24,1.833333333,2.362043166,0.08804872499,0.1330489742,0.001211074927,0.0008736192532,0.08404208881,0.9306182091,0.2696980271
730.56,24,1.881313131,2.362043132,0.08804869807,0.1330490579,0.001211075217,0.0008736200207,0.08404208896,0.9306182081,0.2697000704
730.56,24,1.929292929,2.3620431,0.08804867059,0.1330491432,0.001211075511,0.0008736208019,0.08404208913,0.9306182072,0.2697021686
730.56,24,1.977272727,2.362043069,0.08804864257,0.13304923,0.001211075808,0.0008736215964,0.0840420893,0.9306182063,0.2697043221
730.56,24,2.025252525,2.362043039,0.08804861403,0.1330493184,0.001211076108,0.0008736224035,0.08404208948,0.9306182054,0.2697065312
730.56,24,2.073232323,2.36204301,0.08804858496,0.1330494083,0.001211076411,0.0008736232229,0.08404208967,0.9306182046,0.2697087962
730.56,24,2.121212121,2.362042983,0.0880485554,0.1330494995,0.001211076717,0.0008736240539,0.08404208988,0.9306182039,0.2697111174
730.56,24,2.169191919,2.362042956,0.08804852535,0.1330495921,0.001211077024,0.0008736248959,0.08404209008,0.9306182031,0.2697134953
730.56,24,2.217171717,2.362042929,0.08804849483,0.1330496859,0.001211077333,0.0008736257486,0.0840420903,0.9306182024,0.2697159303
730.56,24,2.265151515,2.362042904,0.08804846387,0.133049781,0.001211077644,0.0008736266111,0.08404209053,0.9306182018,0.269718423
730.56,24,2.313131313,2.36204288,0.08804843247,0.1330498772,0.001211077956,0.0008736274831,0.08404209076,0.9306182011,0.2697209738
730.56,24,2.361111111,2.362042856,0.08804840066,0.1330499744,0.001211078269,0.0008736283638,0.084042091,0.9306182005,0.2697235835
730.56,24,2.409090909,2.362042832,0.08804836846,0.1330500726,0.001211078583,0.0008736292527,0.08404209124,0.9306181999,0.2697262526
730.56,24,2.457070707,2.36204281,0.08804833589,0.1330501717,0.001211078897,0.0008736301491,0.0840420915,0.9306181994,0.269728982
730.56,24,2.505050505,2.362042788,0.08804830298,0.1330502717,0.001211079211,0.0008736310523,0.08404209176,0.9306181988,0.2697317725
730.56,24,2.553030303,2.362042766,0.08804826974,0.1330503724,0.001211079525,0.0008736319618,0.08404209203,0.9306181983,0.269734625
730.56,24,2.601010101,2.362042745,0.08804823621,0.1330504738,0.001211079838,0.0008736328769,0.0840420923,0.9306181978,0.2697375404
730.56,24,2.648989899,2.362042725,0.08804820242,0.1330505758,0.001211080151,0.0008736337968,0.08404209258,0.9306181973,0.2697405201
730.56,24,2.696969697,2.362042705,0.08804816838,0.1330506783,0.001211080462,0.0008736347209,0.08404209287,0.9306181969,0.269743565
730.56,24,2.744949495,2.362042686,0.08804813413,0.1330507812,0.001211080772,0.0008736356485,0.08404209317,0.9306181964,0.2697466767
730.56,24,2.792929293,2.362042667,0.0880480997,0.1330508845,0.001211081081,0.0008736365788,0.08404209347,0.930618196,0.2697498564
730.56,24,2.840909091,2.362042648,0.08804806512,0.133050988,0.001211081387,0.0008736375111,0.08404209377,0.9306181956,0.269753106
730.56,24,2.888888889,2.36204263,0.08804803044,0.1330510917,0.001211081691,0.0008736384447,0.08404209408,0.9306181952,0.269756427
730.56,24,2.936868687,2.362042612,0.08804799567,0.1330511955,0.001211081992,0.0008736393788,0.0840420944,0.9306181949,0.2697598215
730.56,24,2.984848485,2.362042595,0.08804796086,0.1330512992,0.001211082291,0.0008736403125,0.08404209473,0.9306181945,0.2697632914
730.56,24,3.032828283,2.362042578,0.08804792605,0.1330514028,0.001211082586,0.0008736412452,0.08404209505,0.9306181941,0.269766839
730.56,24,3.080808081,2.362042561,0.08804789127,0.1330515062,0.001211082878,0.0008736421761,0.08404209539,0.9306181938,0.2697704668
730.56,24,3.128787879,2.362042545,0.08804785657,0.1330516093,0.001211083166,0.0008736431042,0.08404209573,0.9306181935,0.2697741773
730.56,24,3.176767677,2.36204253,0.08804782199,0.133051712,0.00121108345,0.0008736440288,0.08404209607,0.9306181932,0.2697779734
730.56,24,3.224747475,2.362042514,0.08804778756,0.1330518142,0.00121108373,0.000873644949,0.08404209642,0.9306181929,0.269781858
730.56,24,3.272727273,2.362042499,0.08804775334,0.1330519158,0.001211084005,0.000873645864,0.08404209677,0.9306181926,0.2697858345
730.56,24,3.320707071,2.362042484,0.08804771937,0.1330520166,0.001211084276,0.0008736467729,0.08404209713,0.9306181923,0.2697899063
730.56,24,3.368686869,2.36204247,0.08804768569,0.1330521167,0.001211084541,0.0008736476747,0.08404209749,0.930618192,0.2697940768
730.56,24,3.416666667,2.362042456,0.08804765235,0.1330522157,0.001211084801,0.0008736485687,0.08404209786,0.9306181918,0.26979835
730.56,24,3.464646465,2.362042442,0.08804761939,0.1330523138,0.001211085056,0.0008736494538,0.08404209823,0.9306181915,0.2698027298
730.56,24,3.512626263,2.362042429,0.08804758687,0.1330524107,0.001211085305,0.0008736503292,0.0840420986,0.9306181913,0.2698072204
730.56,24,3.560606061,2.362042416,0.08804755483,0.1330525063,0.001211085548,0.0008736511939,0.08404209898,0.9306181911,0.2698118258
730.56,24,3.608585859,2.362042404,0.08804752332,0.1330526005,0.001211085785,0.000873652047,0.08404209935,0.9306181909,0.2698165503
730.56,24,3.656565657,2.362042391,0.08804749239,0.1330526933,0.001211086015,0.0008736528874,0.08404209973,0.9306181907,0.2698213981
730.56,24,3.704545455,2.362042379,0.08804746208,0.1330527844,0.001211086239,0.0008736537143,0.08404210012,0.9306181905,0.2698263733
730.56,24,3.752525253,2.362042368,0.08804743244,0.1330528738,0.001211086456,0.0008736545266,0.0840421005,0.9306181903,0.2698314796
730.56,24,3.800505051,2.362042357,0.08804740352,0.1330529613,0.001211086665,0.0008736553233,0.08404210089,0.9306181901,0.2698367206
730.56,24,3.848484848,2.362042346,0.08804737536,0.1330530469,0.001211086868,0.0008736561033,0.08404210128,0.9306181899,0.269842099
730.56,24,3.896464646,2.362042335,0.08804734802,0.1330531303,0.001211087064,0.0008736568657,0.08404210167,0.9306181897,0.2698476169
730.56,24,3.944444444,2.362042325,0.08804732152,0.1330532115,0.001211087252,0.0008736576095,0.08404210205,0.9306181896,0.2698532752
730.56,24,3.992424242,2.362042315,0.08804729592,0.1330532903,0.001211087432,0.0008736583335,0.08404210244,0.9306181894,0.2698590734
730.56,24,4.04040404,2.362042306,0.08804727126,0.1330533667,0.001211087604,0.0008736590366,0.08404210283,0.9306181893,0.2698650089
730.56,24,4.088383838,2.362042297,0.08804724757,0.1330534404,0.001211087769,0.0008736597179,0.08404210322,0.9306181892,0.2698710771
730.56,24,4.136363636,2.362042289,0.08804722489,0.1330535114,0.001211087926,0.0008736603762,0.08404210361,0.930618189,0.2698772699
730.56,24,4.184343434,2.36204228,0.08804720327,0.1330535795,0.001211088074,0.0008736610105,0.08404210399,0.9306181889,0.2698835756
730.56,24,4.232323232,2.362042272,0.08804718272,0.1330536446,0.001211088214,0.0008736616195,0.08404210437,0.9306181888,0.2698899778
730.56,24,4.28030303,2.362042265,0.08804716329,0.1330537065,0.001211088346,0.0008736622022,0.08404210475,0.9306181887,0.2698964542
730.56,24,4.328282828,2.362042258,0.08804714499,0.1330537651,0.00121108847,0.0008736627575,0.08404210513,0.9306181886,0.2699029751
730.56,24,4.376262626,2.362042251,0.08804712786,0.1330538203,0.001211088585,0.000873663284,0.0840421055,0.9306181885,0.2699095023
730.56,24,4.424242424,2.362042245,0.08804711192,0.1330538719,0.001211088692,0.0008736637806,0.08404210587,0.9306181884,0.2699159865
730.56,24,4.472222222,2.362042239,0.08804709718,0.1330539198,0.001211088791,0.0008736642459,0.08404210623,0.9306181883,0.2699223659
730.56,24,4.52020202,2.362042234,0.08804708366,0.1330539639,0.001211088881,0.0008736646781,0.08404210659,0.9306181883,0.2699285625
730.56,24,4.568181818,2.362042229,0.08804707138,0.1330540039,0.001211088962,0.0008736650753,0.08404210695,0.9306181882,0.2699344797
730.56,24,4.616161616,2.362042225,0.08804706034,0.1330540398,0.001211089035,0.0008736654351,0.08404210729,0.9306181881,0.2699399978
730.56,24,4.664141414,2.362042221,0.08804705054,0.1330540713,0.0012110891,0.0008736657547,0.08404210764,0.9306181881,0.2699449701
730.56,24,4.712121212,2.362042218,0.088047042,0.1330540985,0.001211089156,0.0008736660321,0.08404210797,0.9306181881,0.2699492174
730.56,24,4.76010101,2.362042215,0.0880470347,0.1330541211,0.001211089204,0.0008736662702,0.0840421083,0.930618188,0.2699525207
730.56,24,4.808080808,2.362042212,0.08804702865,0.133054139,0.001211089244,0.0008736664896,0.08404210862,0.930618188,0.2699546135
730.56,24,4.856060606,2.36204221,0.08804702383,0.133054153,0.001211089276,0.0008736667674,0.08404210893,0.930618188,0.2699551866
730.56,24,4.904040404,2.362042206,0.08804702023,0.1330541785,0.001211089299,0.0008736672236,0.08404210923,0.9306181879,0.269953821
730.56,24,4.952020202,2.362042214,0.08804701784,0.1330544259,0.001211089315,0.0008736658788,0.0840421094,0.9306181879,0.2699512379
730.56,24,5,2.362042203,0.08804701663,0.1330539706,0.001211089322,0.0008736675891,0.0840421069,0.9306181879,0.27
1461.12,48,0.25,1.948193286,0.08690361908,0.09702889787,1.426569629e-06,0.0005122464297,0.08266338132,0.8660844981,0.2697465936
1461.12,48,0.297979798,1.948193284,0.08690361827,0.09702889797,1.426569653e-06,0.0005122464509,0.08266337949,0.866084456,0.2697466913
1461.12,48,0.345959596,1.948193282,0.08690361686,0.09702889813,1.426569694e-06,0.0005122464879,0.08266337818,0.8660844255,0.2697468626
1461.12,48,0.3939393939,1.948193281,0.08690361494,0.09702889836,1.42656975e-06,0.0005122465381,0.08266337721,0.8660844023,0.2697470949
1461.12,48,0.4419191919,1.948193279,0.08690361258,0.09702889864,1.42656982e-06,0.0005122466,0.08266337646,0.8660843842,0.2697473813
1461.12,48,0.4898989899,1.948193278,0.08690360981,0.09702889896,1.4265699e-06,0.0005122466724,0.08266337588,0.8660843696,0.2697477173
1461.12,48,0.5378787879,1.948193276,0.08690360667,0.09702889934,1.426569992e-06,0.0005122467549,0.08266337542,0.8660843577,0.2697481002
1461.12,48,0.5858585859,1.948193275,0.08690360316,0.09702889975,1.426570095e-06,0.0005122468469,0.08266337506,0.8660843476,0.269748528
1461.12,48,0.6338383838,1.948193273,0.0869035993,0.09702890021,1.426570208e-06,0.0005122469481,0.08266337477,0.8660843391,0.2697489995
1461.12,48,0.6818181818,1.948193271,0.08690359511,0.09702890071,1.42657033e-06,0.0005122470583,0.08266337454,0.8660843318,0.2697495136
1461.12,48,0.7297979798,1.948193269,0.08690359059,0.09702890124,1.426570462e-06,0.0005122471772,0.08266337436,0.8660843255,0.2697500698
1461.12,48,0.7777777778,1.948193267,0.08690358574,0.09702890182,1.426570603e-06,0.0005122473047,0.08266337422,0.8660843199,0.2697506674
1461.12,48,0.8257575758,1.948193265,0.08690358059,0.09702890243,1.426570753e-06,0.0005122474406,0.08266337412,0.866084315,0.2697513061
1461.12,48,0.8737373737,1.948193263,0.08690357512,0.09702890308,1.426570912e-06,0.0005122475849,0.08266337404,0.8660843106,0.2697519855
1461.12,48,0.9217171717,1.948193261,0.08690356935,0.09702890377,1.42657108e-06,0.0005122477372,0.082663374,0.8660843066,0.2697527054
1461.12,48,0.9696969697,1.948193258,0.08690356329,0.09702890449,1.426571256e-06,0.0005122478977,0.08266337398,0.8660843031,0.2697534656
1461.12,48,1.017676768,1.948193256,0.08690355693,0.09702890525,1.426571441e-06,0.000512248066,0.08266337398,0.8660842999,0.269754266
1461.12,48,1.065656566,1.948193253,0.08690355029,0.09702890604,1.426571633e-06,0.0005122482422,0.08266337399,0.866084297,0.2697551063
1461.12,48,1.113636364,1.94819325,0.08690354337,0.09702890687,1.426571833e-06,0.0005122484261,0.08266337403,0.8660842943,0.2697559865
1461.12,48,1.161616162,1.948193248,0.08690353618,0.09702890774,1.426572041e-06,0.0005122486175,0.08266337408,0.8660842919,0.2697569065
1461.12,48,1.20959596,1.948193245,0.08690352872,0.09702890863,1.426572257e-06,0.0005122488165,0.08266337415,0.8660842896,0.2697578662
1461.12,48,1.257575758,1.948193242,0.086903521,0.09702890956,1.426572479e-06,0.0005122490228,0.08266337423,0.8660842875,0.2697588656
1461.12,48,1.305555556,1.948193239,0.08690351303,0.09702891052,1.426572709e-06,0.0005122492363,0.08266337433,0.8660842856,0.2697599045
1461.12,48,1.353535354,1.948193235,0.08690350481,0.09702891152,1.426572945e-06,0.000512249457,0.08266337443,0.8660842838,0.269760983
1461.12,48,1.401515152,1.948193232,0.08690349635,0.09702891254,1.426573189e-06,0.0005122496846,0.08266337455,0.8660842822,0.269762101
1461.12,48,1.449494949,1.948193229,0.08690348766,0.0970289136,1.426573438e-06,0.0005122499191,0.08266337468,0.8660842806,0.2697632584
1461.12,48,1.497474747,1.948193225,0.08690347874,0.09702891469,1.426573694e-06,0.0005122501604,0.08266337482,0.8660842792,0.2697644553
1461.12,48,1.545454545,1.948193222,0.0869034696,0.0970289158,1.426573955e-06,0.0005122504082,0.08266337497,0.8660842778,0.2697656915
1461.12,48,1.593434343,1.948193218,0.08690346025,0.09702891695,1.426574223e-06,0.0005122506626,0.08266337513,0.8660842765,0.2697669672
1461.12,48,1.641414141,1.948193214,0.0869034507,0.09702891812,1.426574495e-06,0.0005122509232,0.0826633753,0.8660842753,0.2697682822
1461.12,48,1.689393939,1.948193211,0.08690344095,0.09702891932,1.426574773e-06,0.00051225119,0.08266337548,0.8660842742,0.2697696365
1461.12,48,1.737373737,1.948193207,0.08690343101,0.09702892055,1.426575056e-06,0.0005122514628,0.08266337567,0.8660842731,0.2697710301
1461.12,48,1.785353535,1.948193203,0.0869034209,0.0970289218,1.426575344e-06,0.0005122517415,0.08266337587,0.8660842721,0.2697724631
1461.12,48,1.833333333,1.948193199,0.08690341062,0.09702892308,1.426575636e-06,0.0005122520259,0.08266337607,0.8660842711,0.2697739353
1461.12,48,1.881313131,1.948193195,0.08690340017,0.09702892438,1.426575932e-06,0.0005122523158,0.08266337629,0.8660842702,0.2697754468
1461.12,48,1.929292929,1.948193191,0.08690338958,0.09702892571,1.426576232e-06,0.0005122526112,0.08266337651,0.8660842693,0.2697769976
1461.12,48,1.977272727,1.948193186,0.08690337884,0.09702892706,1.426576536e-06,0.0005122529117,0.08266337674,0.8660842685,0.2697785876
1461.12,48,2.025252525,1.948193182,0.08690336797,0.09702892843,1.426576843e-06,0.0005122532172,0.08266337697,0.8660842677,0.2697802169
1461.12,48,2.073232323,1.948193178,0.08690335699,0.09702892983,1.426577153e-06,0.0005122535275,0.08266337722,0.866084267,0.2697818854
1461.12,48,2.121212121,1.948193173,0.08690334588,0.09702893124,1.426577466e-06,0.0005122538426,0.08266337747,0.8660842662,0.2697835932
1461.12,48,2.169191919,1.948193169,0.08690333468,0.09702893268,1.426577781e-06,0.000512254162,0.08266337772,0.8660842656,0.2697853401
1461.12,48,2.217171717,1.948193164,0.08690332339,0.09702893413,1.426578099e-06,0.0005122544857,0.08266337799,0.8660842649,0.2697871263
1461.12,48,2.265151515,1.94819316,0.08690331202,0.0970289356,1.426578418e-06,0.0005122548135,0.08266337826,0.8660842643,0.2697889517
1461.12,48,2.313131313,1.948193155,0.08690330057,0.09702893709,1.426578739e-06,0.0005122551451,0.08266337854,0.8660842637,0.2697908163
1461.12,48,2.361111111,1.94819315,0.08690328907,0.09702893859,1.426579062e-06,0.0005122554803,0.08266337883,0.8660842631,0.2697927201
1461.12,48,2.409090909,1.948193146,0.08690327752,0.09702894011,1.426579385e-06,0.000512255819,0.08266337912,0.8660842626,0.2697946631
1461.12,48,2.457070707,1.948193141,0.08690326594,0.09702894164,1.42657971e-06,0.0005122561608,0.08266337942,0.866084262,0.2697966453
1461.12,48,2.505050505,1.948193136,0.08690325433,0.09702894318,1.426580034e-06,0.0005122565055,0.08266337972,0.8660842615,0.2697986667
1461.12,48,2.553030303,1.948193131,0.08690324272,0.09702894474,1.426580359e-06,0.000512256853,0.08266338003,0.8660842611,0.2698007273
1461.12,48,2.601010101,1.948193127,0.0869032311,0.09702894631,1.426580684e-06,0.000512257203,0.08266338035,0.8660842606,0.2698028271
1461.12,48,2.648989899,1.948193122,0.08690321949,0.09702894788,1.426581008e-06,0.0005122575551,0.08266338067,0.8660842602,0.269804966
1461.12,48,2.696969697,1.948193117,0.0869032079,0.09702894946,1.426581331e-06,0.0005122579093,0.082663381,0.8660842597,0.2698071441
1461.12,48,2.744949495,1.948193112,0.08690319635,0.09702895105,1.426581653e-06,0.0005122582651,0.08266338134,0.8660842593,0.2698093614
1461.12,48,2.792929293,1.948193107,0.08690318484,0.09702895265,1.426581974e-06,0.0005122586224,0.08266338168,0.8660842589,0.2698116179
1461.12,48,2.840909091,1.948193102,0.0869031734,0.09702895425,1.426582293e-06,0.0005122589808,0.08266338202,0.8660842585,0.2698139135
1461.12,48,2.888888889,1.948193097,0.08690316202,0.09702895585,1.42658261e-06,0.0005122593402,0.08266338237,0.8660842582,0.2698162483
1461.12,48,2.936868687,1.948193092,0.08690315073,0.09702895746,1.426582925e-06,0.0005122597001,0.08266338273,0.8660842578,0.2698186223
1461.12,48,2.984848485,1.948193087,0.08690313953,0.09702895907,1.426583237e-06,0.0005122600603,0.08266338309,0.8660842575,0.2698210355
1461.12,48,3.032828283,1.948193082,0.08690312844,0.09702896067,1.426583546e-06,0.0005122604206,0.08266338346,0.8660842571,0.2698234878
1461.12,48,3.080808081,1.948193077,0.08690311747,0.09702896227,1.426583852e-06,0.0005122607806,0.08266338383,0.8660842568,0.2698259793
1461.12,48,3.128787879,1.948193073,0.08690310662,0.09702896387,1.426584154e-06,0.0005122611399,0.08266338421,0.8660842565,0.2698285099
1461.12,48,3.176767677,1.948193068,0.08690309592,0.09702896546,1.426584453e-06,0.0005122614984,0.08266338459,0.8660842562,0.2698310797
1461.12,48,3.224747475,1.948193063,0.08690308537,0.09702896705,1.426584747e-06,0.0005122618556,0.08266338497,0.866084256,0.2698336887
1461.12,48,3.272727273,1.948193058,0.08690307498,0.09702896863,1.426585037e-06,0.0005122622112,0.08266338536,0.8660842557,0.2698363368
1461.12,48,3.320707071,1.948193053,0.08690306477,0.0970289702,1.426585323e-06,0.0005122625649,0.08266338576,0.8660842554,0.2698390241
1461.12,48,3.368686869,1.948193049,0.08690305474,0.09702897175,1.426585603e-06,0.0005122629164,0.08266338615,0.8660842552,0.2698417505
1461.12,48,3.416666667,1.948193044,0.08690304491,0.09702897329,1.426585878e-06,0.0005122632652,0.08266338655,0.8660842549,0.2698445161
1461.12,48,3.464646465,1.948193039,0.08690303528,0.09702897482,1.426586148e-06,0.000512263611,0.08266338696,0.8660842547,0.2698473209
1461.12,48,3.512626263,1.948193035,0.08690302587,0.09702897634,1.426586412e-06,0.0005122639536,0.08266338737,0.8660842545,0.2698501648
1461.12,48,3.560606061,1.94819303,0.08690301668,0.09702897783,1.42658667e-06,0.0005122642923,0.08266338778,0.8660842543,0.2698530478
1461.12,48,3.608585859,1.948193026,0.08690300773,0.0970289793,1.426586922e-06,0.000512264627,0.0826633882,0.8660842541,0.26985597
1461.12,48,3.656565657,1.948193021,0.08690299903,0.09702898075,1.426587167e-06,0.0005122649572,0.08266338861,0.8660842539,0.2698589314
1461.12,48,3.704545455,1.948193017,0.08690299057,0.09702898218,1.426587406e-06,0.0005122652825,0.08266338904,0.8660842537,0.2698619319
1461.12,48,3.752525253,1.948193013,0.08690298238,0.09702898358,1.426587637e-06,0.0005122656024,0.08266338946,0.8660842535,0.2698649716
1461.12,48,3.800505051,1.948193008,0.08690297445,0.09702898496,1.426587862e-06,0.0005122659167,0.08266338988,0.8660842533,0.2698680504
1461.12,48,3.848484848,1.948193004,0.0869029668,0.0970289863,1.426588079e-06,0.0005122662248,0.08266339031,0.8660842532,0.2698711684
1461.12,48,3.896464646,1.948193,0.08690295943,0.09702898762,1.426588288e-06,0.0005122665263,0.08266339074,0.866084253,0.2698743255
1461.12,48,3.944444444,1.948192996,0.08690295234,0.0970289889,1.42658849e-06,0.0005122668208,0.08266339117,0.8660842529,0.2698775218
1461.12,48,3.992424242,1.948192993,0.08690294555,0.09702899014,1.426588684e-06,0.0005122671078,0.08266339161,0.8660842527,0.2698807572
1461.12,48,4.04040404,1.948192989,0.08690293906,0.09702899135,1.42658887e-06,0.0005122673869,0.08266339204,0.8660842526,0.2698840318
1461.12,48,4.088383838,1.948192985,0.08690293288,0.09702899252,1.426589047e-06,0.0005122676576,0.08266339247,0.8660842525,0.2698873455
1461.12,48,4.136363636,1.948192982,0.086902927,0.09702899364,1.426589216e-06,0.0005122679194,0.08266339291,0.8660842523,0.2698906984
1461.12,48,4.184343434,1.948192979,0.08690292143,0.09702899472,1.426589376e-06,0.0005122681719,0.08266339335,0.8660842522,0.2698940904
1461.12,48,4.232323232,1.948192975,0.08690291618,0.09702899575,1.426589528e-06,0.0005122684144,0.08266339378,0.8660842521,0.2698975216
1461.12,48,4.28030303,1.948192972,0.08690291125,0.09702899674,1.426589671e-06,0.0005122686466,0.08266339422,0.866084252,0.2699009919
1461.12,48,4.328282828,1.94819297,0.08690290663,0.09702899767,1.426589805e-06,0.0005122688679,0.08266339465,0.8660842519,0.2699045014
1461.12,48,4.376262626,1.948192967,0.08690290233,0.09702899855,1.42658993e-06,0.0005122690778,0.08266339509,0.8660842518,0.26990805
1461.12,48,4.424242424,1.948192964,0.08690289836,0.09702899937,1.426590046e-06,0.0005122692758,0.08266339552,0.8660842518,0.2699116378
1461.12,48,4.472222222,1.948192962,0.0869028947,0.09702900014,1.426590153e-06,0.0005122694612,0.08266339596,0.8660842517,0.2699152647
1461.12,48,4.52020202,1.94819296,0.08690289136,0.09702900084,1.426590251e-06,0.0005122696336,0.08266339639,0.8660842516,0.2699189308
1461.12,48,4.568181818,1.948192958,0.08690288835,0.09702900147,1.42659034e-06,0.0005122697924,0.08266339682,0.8660842516,0.2699226361
1461.12,48,4.616161616,1.948192956,0.08690288565,0.09702900205,1.426590419e-06,0.0005122699369,0.08266339724,0.8660842515,0.2699263805
1461.12,48,4.664141414,1.948192954,0.08690288326,0.09702900255,1.42659049e-06,0.0005122700667,0.08266339767,0.8660842515,0.2699301639
1461.12,48,4.712121212,1.948192953,0.08690288119,0.09702900298,1.426590551e-06,0.000512270181,0.08266339809,0.8660842514,0.2699339865
1461.12,48,4.76010101,1.948192951,0.08690287943,0.09702900333,1.426590604e-06,0.0005122702794,0.08266339852,0.8660842514,0.2699378484
1461.12,48,4.808080808,1.94819295,0.08690287797,0.09702900361,1.426590647e-06,0.0005122703609,0.08266339893,0.8660842514,0.26994175
1461.12,48,4.856060606,1.94819295,0.0869028768,0.09702900382,1.426590682e-06,0.0005122704217,0.08266339935,0.8660842513,0.2699456903
1461.12,48,4.904040404,1.948192949,0.08690287594,0.09702900427,1.426590708e-06,0.0005122703957,0.08266339976,0.8660842513,0.2699496814
1461.12,48,4.952020202,1.948192959,0.08690287536,0.09702900909,1.426590725e-06,0.0005122693899,0.08266340005,0.8660842513,0.2699545776
1461.12,48,5,1.948192939,0.08690287506,0.09702900018,1.426590732e-06,0.0005122715465,0.08266339639,0.8660842513,0.27
